{
    "index": 0,
    "state": "<start_of_father_id>-1<end_of_father_id><start_of_local_id>0<end_of_local_id><start_of_thought><problem>James has 18 chocolate bars to sell for the swim team. He sold 5 last week and 7 this week. How many more chocolate bars does he need to sell?<end_of_thought>",
    "parent": null,
    "visits": 4,
    "value": -0.140537109375,
    "policy_probs": [
        9.248619221580157e-07,
        9.248619221580157e-07,
        4.7368783270940185e-05,
        4.7368783270940185e-05,
        7.958264177432284e-06,
        7.958264177432284e-06
    ],
    "policy_entropy": [
        2.2271673679351807,
        0.7825887203216553,
        1.1363836526870728,
        0.7424812316894531,
        1.1173808574676514,
        1.054404854774475
    ],
    "policy_varentropy": [
        3.1534783840179443,
        1.3879971504211426,
        1.90613853931427,
        1.3125149011611938,
        1.8900493383407593,
        1.9068071842193604
    ],
    "policy_cal_ready_texts": "",
    "value_cal_ready_texts": "",
    "true_value_from_tree": -12.433959502167847,
    "leaf_type": "",
    "rectify_visits": 6,
    "original_value": 0,
    "meta": "<problem>",
    "children": [
        {
            "index": 1,
            "state": "<expansion> James sold one last week (Friday). On Monday, he sold seven more as he went through a new inventory. So in total, the selling points of the bars he had were Fridays, weekends, from the first to last selling point. This accounted for five weekdays (which is a logical reason). On all those day",
            "parent": 0,
            "visits": 0,
            "value": -0.57421875,
            "policy_probs": [],
            "policy_entropy": [],
            "policy_varentropy": [],
            "policy_cal_ready_texts": "",
            "value_cal_ready_texts": "",
            "true_value_from_tree": -13.815510557964274,
            "leaf_type": "failed",
            "rectify_visits": 1,
            "original_value": -0.57421875,
            "meta": "<expansion>",
            "children": []
        },
        {
            "index": 2,
            "state": "<conclusion>He needs to sell at least 8 bars a week!\n\n# Answer\n\n",
            "parent": 0,
            "visits": 1,
            "value": -0.144140625,
            "policy_probs": [
                0.00011614913091761991,
                0.00011614913091761991
            ],
            "policy_entropy": [
                0.995125949382782,
                1.6145901679992676
            ],
            "policy_varentropy": [
                1.4235031604766846,
                2.6214027404785156
            ],
            "policy_cal_ready_texts": "",
            "value_cal_ready_texts": "",
            "true_value_from_tree": -13.815510557964274,
            "leaf_type": "failed",
            "rectify_visits": 1,
            "original_value": -0.16015625,
            "meta": "<conclusion>",
            "children": [
                {
                    "index": 3,
                    "state": "<problem>Find all value(s) of x that satisfy the equation $x-8=\\frac x7$ (give your answer as an interval or as a list of numbers, separated by intervals).",
                    "parent": 2,
                    "visits": 0,
                    "value": -0.16015625,
                    "policy_probs": [],
                    "policy_entropy": [],
                    "policy_varentropy": [],
                    "policy_cal_ready_texts": "",
                    "value_cal_ready_texts": "",
                    "true_value_from_tree": null,
                    "leaf_type": "failed",
                    "rectify_visits": 0,
                    "original_value": -0.16015625,
                    "meta": "<problem>",
                    "children": []
                },
                {
                    "index": 4,
                    "state": "<expansion>The logic used in this solution to find out how many more bars are needed and the calculation of necessary sales from the given total, namely 15 more bars (40 bars + 25 sales more needed > 25) is all correct. The assumption that selling an additional 12 bars a wea",
                    "parent": 2,
                    "visits": 0,
                    "value": -0.5234375,
                    "policy_probs": [],
                    "policy_entropy": [],
                    "policy_varentropy": [],
                    "policy_cal_ready_texts": "",
                    "value_cal_ready_texts": "",
                    "true_value_from_tree": null,
                    "leaf_type": "failed",
                    "rectify_visits": 0,
                    "original_value": -0.5234375,
                    "meta": "<expansion>",
                    "children": []
                }
            ]
        },
        {
            "index": 3,
            "state": "<expansion>5 + 7 = <<10>>12 chocolate bars",
            "parent": 0,
            "visits": 0,
            "value": -0.34765625,
            "policy_probs": [],
            "policy_entropy": [],
            "policy_varentropy": [],
            "policy_cal_ready_texts": "",
            "value_cal_ready_texts": "",
            "true_value_from_tree": -13.815510557964274,
            "leaf_type": "failed",
            "rectify_visits": 1,
            "original_value": -0.34765625,
            "meta": "<expansion>",
            "children": []
        },
        {
            "index": 4,
            "state": "<conclusion>So he needs to sell 18-3=15 more chocolate bars.\n\n# Answer\n\n1",
            "parent": 0,
            "visits": 0,
            "value": -0.251953125,
            "policy_probs": [],
            "policy_entropy": [],
            "policy_varentropy": [],
            "policy_cal_ready_texts": "",
            "value_cal_ready_texts": "",
            "true_value_from_tree": -13.815510557964274,
            "leaf_type": "failed",
            "rectify_visits": 1,
            "original_value": -0.251953125,
            "meta": "<conclusion>",
            "children": []
        },
        {
            "index": 5,
            "state": "<expansion> This would be 21 - 12 = <<21-12=9>>9 bars less than the initial number provided in the problem, 18 Bars",
            "parent": 0,
            "visits": 0,
            "value": -0.57421875,
            "policy_probs": [],
            "policy_entropy": [],
            "policy_varentropy": [],
            "policy_cal_ready_texts": "",
            "value_cal_ready_texts": "",
            "true_value_from_tree": -13.815510557964274,
            "leaf_type": "failed",
            "rectify_visits": 1,
            "original_value": -0.57421875,
            "meta": "<expansion>",
            "children": []
        },
        {
            "index": 6,
            "state": "<conclusion>Right, so he made 4 more this summer compared last year.\n\n# Answer\n\n",
            "parent": 0,
            "visits": 0,
            "value": -0.5234375,
            "policy_probs": [],
            "policy_entropy": [],
            "policy_varentropy": [],
            "policy_cal_ready_texts": "",
            "value_cal_ready_texts": "",
            "true_value_from_tree": -13.815510557964274,
            "leaf_type": "failed",
            "rectify_visits": 1,
            "original_value": -0.5234375,
            "meta": "<conclusion>",
            "children": []
        }
    ]
}