{
    "index": 0,
    "state": "<start_of_father_id>-1<end_of_father_id><start_of_local_id>0<end_of_local_id><start_of_thought><problem>There are 28 students in a classroom. Half of them have 5 notebooks each and the other half have 3 notebooks each. How many notebooks in total are in the classroom?<end_of_thought>",
    "parent": null,
    "visits": 4,
    "value": -0.04897705078125,
    "policy_probs": [
        1.4893212210154161e-05,
        1.4893212210154161e-05,
        1.2975072422705125e-05,
        1.2975072422705125e-05,
        2.558756932558026e-06,
        2.558756932558026e-06
    ],
    "policy_entropy": [
        1.273890495300293,
        2.0143933296203613,
        1.1405582427978516,
        1.230185627937317,
        1.6364667415618896,
        1.0132571458816528
    ],
    "policy_varentropy": [
        1.953257441520691,
        3.4028432369232178,
        1.861664056777954,
        1.8956729173660278,
        2.4640092849731445,
        1.5724174976348877
    ],
    "policy_cal_ready_texts": "",
    "value_cal_ready_texts": "",
    "true_value_from_tree": -12.433959502167847,
    "leaf_type": "",
    "rectify_visits": 6,
    "original_value": 0,
    "meta": "<problem>",
    "children": [
        {
            "index": 1,
            "state": "<critic>** Calculate the total number of notebooks for each group and then add them together",
            "parent": 0,
            "visits": 1,
            "value": -0.1283203125,
            "policy_probs": [
                3.508161171339452e-05,
                3.508161171339452e-05
            ],
            "policy_entropy": [
                1.6369051933288574,
                1.9735995531082153
            ],
            "policy_varentropy": [
                2.688488006591797,
                3.5113022327423096
            ],
            "policy_cal_ready_texts": "",
            "value_cal_ready_texts": "",
            "true_value_from_tree": -13.815510557964274,
            "leaf_type": "failed",
            "rectify_visits": 1,
            "original_value": -0.02978515625,
            "meta": "<critic>",
            "children": [
                {
                    "index": 2,
                    "state": "<expansion>Now find how many people in the other 5 classes had notebook",
                    "parent": 1,
                    "visits": 0,
                    "value": -0.142578125,
                    "policy_probs": [],
                    "policy_entropy": [],
                    "policy_varentropy": [],
                    "policy_cal_ready_texts": "",
                    "value_cal_ready_texts": "",
                    "true_value_from_tree": null,
                    "leaf_type": "failed",
                    "rectify_visits": 0,
                    "original_value": -0.142578125,
                    "meta": "<expansion>",
                    "children": []
                },
                {
                    "index": 3,
                    "state": "<problem>If 20\\% of an array, say A_{28}, stores the values in rows and 4 for files, in the thousands or hundreds place, with an exception for A1, which has the answer written on each one in the form $2^{a * j_{i}}$, what row'",
                    "parent": 1,
                    "visits": 0,
                    "value": -0.7578125,
                    "policy_probs": [],
                    "policy_entropy": [],
                    "policy_varentropy": [],
                    "policy_cal_ready_texts": "",
                    "value_cal_ready_texts": "",
                    "true_value_from_tree": null,
                    "leaf_type": "failed",
                    "rectify_visits": 0,
                    "original_value": -0.7578125,
                    "meta": "<problem>",
                    "children": []
                }
            ]
        },
        {
            "index": 2,
            "state": "<problem>My friends are 3 different sizes: some are 2 times bigger, someone is exactly in twice as high, and then someone's on their way to school size \"way smaller\". What's the biggest general term that covers all sizes like mine above?\n\nLike size/range set examples:\n- Smal",
            "parent": 0,
            "visits": 0,
            "value": -0.474609375,
            "policy_probs": [],
            "policy_entropy": [],
            "policy_varentropy": [],
            "policy_cal_ready_texts": "",
            "value_cal_ready_texts": "",
            "true_value_from_tree": -13.815510557964274,
            "leaf_type": "failed",
            "rectify_visits": 1,
            "original_value": -0.474609375,
            "meta": "<problem>",
            "children": []
        },
        {
            "index": 3,
            "state": "<critic>Step 1 is wrong. Here is the solution we need based on the information provided in the problem:Since half of the 28 students have 5 notebooks each (14 students), each student brings home 28 (14-5) x 16 notebooks. The number of notebooks does no",
            "parent": 0,
            "visits": 0,
            "value": -0.69140625,
            "policy_probs": [],
            "policy_entropy": [],
            "policy_varentropy": [],
            "policy_cal_ready_texts": "",
            "value_cal_ready_texts": "",
            "true_value_from_tree": -13.815510557964274,
            "leaf_type": "failed",
            "rectify_visits": 1,
            "original_value": -0.69140625,
            "meta": "<critic>",
            "children": []
        },
        {
            "index": 4,
            "state": "<problem>If I pick three integers $p\\leq q\\leq r$ such that $2p^2+6p$ to $3p-6$ and $2q^2-12q+6$ to $3pr-18$ add up the corresponding terms in $x^2",
            "parent": 0,
            "visits": 0,
            "value": -0.82421875,
            "policy_probs": [],
            "policy_entropy": [],
            "policy_varentropy": [],
            "policy_cal_ready_texts": "",
            "value_cal_ready_texts": "",
            "true_value_from_tree": -13.815510557964274,
            "leaf_type": "failed",
            "rectify_visits": 1,
            "original_value": -0.82421875,
            "meta": "<problem>",
            "children": []
        },
        {
            "index": 5,
            "state": "<critic> Since the initial method used to calculate the number of notebooks is incorrect in Steps 1\u20135; dividing 2514 by 2 would be incorrect initially (though there is no mention of dividing in the context after confirming students 6 through 16); there needsto be more careful counting of the variou",
            "parent": 0,
            "visits": 0,
            "value": -2.578125,
            "policy_probs": [],
            "policy_entropy": [],
            "policy_varentropy": [],
            "policy_cal_ready_texts": "",
            "value_cal_ready_texts": "",
            "true_value_from_tree": -13.815510557964274,
            "leaf_type": "failed",
            "rectify_visits": 1,
            "original_value": -2.578125,
            "meta": "<critic>",
            "children": []
        },
        {
            "index": 6,
            "state": "<problem>If $x=\\frac79c$ and $x=\\frac mn$ where $m=98+a$, $n=9m+b$ where $b<m$ and $a$ is not divisible by the square of any prime, then find that $a\\mathop{\\text{lc",
            "parent": 0,
            "visits": 0,
            "value": -1.40625,
            "policy_probs": [],
            "policy_entropy": [],
            "policy_varentropy": [],
            "policy_cal_ready_texts": "",
            "value_cal_ready_texts": "",
            "true_value_from_tree": -13.815510557964274,
            "leaf_type": "failed",
            "rectify_visits": 1,
            "original_value": -1.40625,
            "meta": "<problem>",
            "children": []
        }
    ]
}